[
  {
    "id": "28b701c3-5f0f-46a6-8d9b-d779a5ae1b21",
    "data": [
      {
        "text": "hello",
        "userDefined": false
      }
    ],
    "isTemplate": false,
    "count": 0,
    "lang": "hi",
    "updated": 0
  },
  {
    "id": "3a5c4f3e-8b67-4b9f-9373-c331024ae296",
    "data": [
      {
        "text": "hi",
        "meta": "@sys.language",
        "alias": "language",
        "userDefined": false
      }
    ],
    "isTemplate": false,
    "count": 0,
    "lang": "hi",
    "updated": 0
  }
]