[
  {
    "id": "d21bcf58-85ad-4b65-9a05-2115d2b10bef",
    "data": [
      {
        "text": "I would like to see your menu?",
        "userDefined": false
      }
    ],
    "isTemplate": false,
    "count": 0,
    "lang": "en",
    "updated": 0
  },
  {
    "id": "bc14f438-2163-4ca3-965b-bc3a00bed566",
    "data": [
      {
        "text": "can you show me the menu of ",
        "userDefined": false
      },
      {
        "text": "today",
        "userDefined": false
      },
      {
        "text": " ?",
        "userDefined": false
      }
    ],
    "isTemplate": false,
    "count": 0,
    "lang": "en",
    "updated": 0
  },
  {
    "id": "0f4efd42-f213-4446-bf09-a7a016d5425c",
    "data": [
      {
        "text": "what is the menu ",
        "userDefined": false
      },
      {
        "text": "today",
        "meta": "@sys.date-time",
        "alias": "date-time",
        "userDefined": false
      },
      {
        "text": " ?",
        "userDefined": false
      }
    ],
    "isTemplate": false,
    "count": 0,
    "lang": "en",
    "updated": 0
  }
]