[
  {
    "id": "756100bc-47e3-45f6-97d3-87bad7c7c8e9",
    "data": [
      {
        "text": "what should Ingredients should use for making pizza ?",
        "userDefined": false
      }
    ],
    "isTemplate": false,
    "count": 0,
    "lang": "en",
    "updated": 0
  },
  {
    "id": "0a1e281a-4b65-4118-b274-be1f87a44185",
    "data": [
      {
        "text": "what is the recipe for making pizza ?",
        "userDefined": false
      }
    ],
    "isTemplate": false,
    "count": 0,
    "lang": "en",
    "updated": 0
  },
  {
    "id": "312ace24-414d-4612-ae96-01fef6145299",
    "data": [
      {
        "text": "how to make pizza ?",
        "userDefined": false
      }
    ],
    "isTemplate": false,
    "count": 0,
    "lang": "en",
    "updated": 0
  }
]