[
  {
    "id": "7f2e0f72-740e-4b8e-8cf7-efb25dfa392c",
    "data": [
      {
        "text": "namaste , aap kaise hai ?",
        "userDefined": false
      }
    ],
    "isTemplate": false,
    "count": 0,
    "lang": "en",
    "updated": 0
  },
  {
    "id": "e8f09710-addc-4ae8-9830-7243b990a28d",
    "data": [
      {
        "text": "hey , how are you doing ?",
        "userDefined": false
      }
    ],
    "isTemplate": false,
    "count": 0,
    "lang": "en",
    "updated": 0
  },
  {
    "id": "90896f0d-c552-4534-8315-9a47ee54b5b9",
    "data": [
      {
        "text": "hi ! How are you ?",
        "userDefined": false
      }
    ],
    "isTemplate": false,
    "count": 0,
    "lang": "en",
    "updated": 0
  }
]